Ref,Val,Package,PosX,PosY,Rot,Side
"SW1","Cherry MX","SW_Cherry_MX_1.00u_Socket_woLED",80.950003,-80.950003,0.000000,top
"SW2","Cherry MX","SW_Cherry_MX_1.00u_Socket_woLED",100.000003,-80.950003,180.000000,top
"SW3","Cherry MX","SW_Cherry_MX_1.00u_Socket_woLED",119.050003,-80.950003,0.000000,top
"SW4","Cherry MX","SW_Cherry_MX_1.00u_Socket_woLED",80.950000,-100.000000,180.000000,top
"SW5","Cherry MX","SW_Cherry_MX_1.00u_Socket_woLED",100.000003,-100.000003,0.000000,top
"SW6","Cherry MX","SW_Cherry_MX_1.00u_Socket_woLED",119.050003,-100.000003,180.000000,top
"SW7","Cherry MX","SW_Cherry_MX_1.00u_Socket_woLED",80.950003,-119.050003,0.000000,top
"SW8","Cherry MX","SW_Cherry_MX_1.00u_Socket_woLED",100.000003,-119.050003,0.000000,top
"SW9","Cherry MX","SW_Cherry_MX_1.00u_Socket_woLED",119.050003,-119.050003,0.000000,top
